"Product ID";"Active (0/1)";"Name *";"Categories (x,y,z...)";"Price tax excluded";"Tax rules ID";"Wholesale price";"On sale (0/1)";"Discount amount";"Discount percent";"Discount from (yyyy-mm-dd)";"Discount to (yyyy-mm-dd)";"Reference #";"Supplier reference #";"Supplier";"Manufacturer";"EAN13";"UPC";"MPN";"Ecotax";"Width";"Height";"Depth";"Weight";"Delivery time of in-stock products";"Delivery time of out-of-stock products with allowed orders";"Quantity";"Minimal quantity";"Low stock level";"Send me an email when the quantity is under this level";"Visibility";"Additional shipping cost";"Unity";"Unit price";"Summary";"Description";"Tags (x,y,z...)";"Meta title";"Meta keywords";"Meta description";"URL rewritten";"Text when in stock";"Text when backorder allowed";"Available for order (0 = No, 1 = Yes)";"Product available date";"Product creation date";"Show price (0 = No, 1 = Yes)";"Image URLs (x,y,z...)";"Image alt texts (x,y,z...)";"Delete existing images (0 = No, 1 = Yes)";"Feature(Name:Value:Position)";"Available online only (0 = No, 1 = Yes)";"Condition";"Customizable (0 = No, 1 = Yes)";"Uploadable files (0 = No, 1 = Yes)";"Text fields (0 = No, 1 = Yes)";"Out of stock action";"Virtual product";"File URL";"Number of allowed downloads";"Expiration date";"Number of days";"ID / Name of shop";"Advanced stock management";"Depends On Stock";"Warehouse";"Acessories  (x,y,z...)"
136;1;"Grifo de lavabo Imex Line";"11";56.239669;1;"";1;23.91;26.0;"";"";"BDD038-1";"";"IMEX";"IMEX";"8435668011242";"";"dad686e245445";"";"";"";"";0;"Entre 2.0 y 4.0 días";"";100;1;"";0;"both";"";"";"";"Grifo de lavabo Imex Line Monomando";"Grifo de lavabo Imex Line Monomando";"grifos compatibles,complemento,baño,imex";"Grifo de lavabo Imex Line";"";"Grifo de lavabo Imex Line Monomando";"grifo-lavabo-imex-monomando-maneta-cromo-200x150mm-line";"Disponible";"";1;"";"";1;"https://cdn.todomueblesdebano.com/image/upload/f_auto%2Cq_auto/v1/products/b14495cf-0121-4905-97fb-3a9e7c105abf/Grifo-de-lavabo-line-cromo-brillo_1757946602.2729354";"";1;"";0;"new";0;0;0;0;0;"";"";"";"";1;0;0;0;""
137;1;"Grifo de lavabo Imex Milos Stick";"11";54.016529;1;"";1;22.97;26.0;"";"";"BDYS045-1";"";"IMEX";"IMEX";"8435668013680";"";"64c68ca90d9a0";"";"";"";"";0;"Entre 2.0 y 4.0 días";"";100;1;"";0;"both";"";"";"";"Grifo de lavabo Imex Milos Stick Monomando";"Grifo de lavabo Imex Milos Stick Monomando";"grifos compatibles,complemento,baño,imex";"Grifo de lavabo Imex Milos Stick";"";"Grifo de lavabo Imex Milos Stick Monomando";"grifo-lavabo-imex-monomando-maneta-cromo-1728x120mm-milos-stick";"Disponible";"";1;"";"";1;"https://cdn.todomueblesdebano.com/image/upload/f_auto%2Cq_auto/v1/products/f02f5caa-9ad5-433a-a65a-c40be7578f65/grifo-lavabo-milos-stick-imex_9vsSjCX_1634666606.3";"";1;"";0;"new";0;0;0;0;0;"";"";"";"";1;0;0;0;""
138;1;"Grifo de lavabo Tres Flat";"11";48.446281;1;"";1;44.23;43.0;"";"";"22010301";"";"Tres";"Tres";"8429546601595";"";"e64cc37303ae8";"";"";"";"";0;"Entre 3.0 y 5.0 días";"";100;1;"";0;"both";"";"";"";"Grifo de lavabo Tres Flat Cromado, monomando";"Grifo de lavabo Tres Flat Cromado, monomando";"tres,grifos compatibles,complemento,baño";"Grifo de lavabo Tres Flat";"";"Grifo de lavabo Tres Flat Cromado, monomando";"grifo-de-lavabo-monomando-de-tres-flat-138x140cm-cromo";"Disponible";"";1;"";"";1;"https://cdn.todomueblesdebano.com/image/upload/f_auto%2Cq_auto/v1/products/eed2522b-4e2a-4e19-9600-96bb2841f54c/220103011_1742892414.9276817";"";1;"";0;"new";0;0;0;0;0;"";"";"";"";1;0;0;0;""
139;1;"Grifo de lavabo Imex Roma";"11";45.876033;1;"";1;19.51;26.0;"";"";"BDR001-1";"";"IMEX";"IMEX";"8435668005531";"";"4a89a86ffd881";"";"";"";"";0;"Entre 2.0 y 4.0 días";"";100;1;"";0;"both";"";"";"";"Grifo de lavabo Imex Roma Monomando Ø4x15x16.6 cm";"Grifo de lavabo Imex Roma Monomando Ø4x15x16.6 cm";"grifos compatibles,complemento,baño,imex";"Grifo de lavabo Imex Roma";"";"Grifo de lavabo Imex Roma Monomando Ø4x15x16.6 cm";"grifo-de-lavabo-monomando-de-imex-cromado-roma-4403";"Disponible";"";1;"";"";1;"https://cdn.todomueblesdebano.com/image/upload/f_auto%2Cq_auto/v1/products/25b35a81-be10-46da-8525-052ca40cede9/Grifo-de-lavabo-Roma-imex-cro_1756488730.4401844";"";1;"";0;"new";0;0;0;0;0;"";"";"";"";1;0;0;0;""
140;1;"Grifo de lavabo Imex Luxor";"11";51.057851;1;"";1;21.71;26.0;"";"";"BDX023-1";"";"IMEX";"IMEX";"8435668008785";"";"78e91b10ae222";"";"";"";"";0;"Entre 2.0 y 4.0 días";"";100;1;"";0;"both";"";"";"";"Grifo de lavabo Imex Luxor Monomando";"Grifo de lavabo Imex Luxor Monomando";"grifos compatibles,complemento,baño,imex";"Grifo de lavabo Imex Luxor";"";"Grifo de lavabo Imex Luxor Monomando";"grifo-de-lavabo-monomando-de-imex-cromado-luxor";"Disponible";"";1;"";"";1;"https://cdn.todomueblesdebano.com/image/upload/f_auto%2Cq_auto/v1/products/0088f231-0f0e-49c7-ab7d-958e9469e7f0/BDX023-1_1656518910.567952";"";1;"";0;"new";0;0;0;0;0;"";"";"";"";1;0;0;0;""
141;1;"Espejo de baño Royo Murano";"12";56.719008;1;"";1;12.44;15.350000000000001;"";"";"";"";"Royo Group";"Royo Group";"8414623225474";"";"8bf6caf10c61a";"";"";"";"";0;"Entre 3.0 y 5.0 días";"";100;1;"";0;"both";"";"";"";"Espejo de baño Royo Murano Forma rectangular";"Espejo de baño Royo Murano Forma rectangular";"royo group,complemento,baño,espejos compatibles";"Espejo de baño Royo Murano";"";"Espejo de baño Royo Murano Forma rectangular";"espejo-murano-de-royo-group-varias-medidas";"Disponible";"";1;"";"";1;"https://cdn.todomueblesdebano.com/image/upload/f_auto%2Cq_auto/v1/products/fcea7b94-3952-4cc0-9278-14f659facff2/Murano_1671038590.327151";"";1;"";0;"new";0;0;0;0;0;"";"";"";"";1;0;0;0;""
142;1;"Espejo de baño Royo Yue";"12";93.958678;1;"";1;20.62;15.350000000000001;"";"";"";"";"Royo Group";"Royo Group";"8414623399076";"";"c9c341cdb5a7c";"";"";"";"";0;"Entre 3.0 y 5.0 días";"";100;1;"";0;"both";"";"";"";"Espejo de baño Royo Yue Redondo";"Espejo de baño Royo Yue Redondo";"royo group,complemento,baño,espejos compatibles";"Espejo de baño Royo Yue";"";"Espejo de baño Royo Yue Redondo";"espejo-royo-group-yue";"Disponible";"";1;"";"";1;"https://cdn.todomueblesdebano.com/image/upload/f_auto%2Cq_auto/v1/products/472e5084-62e8-419b-b37f-f5df747bf138/Yue_1671130469.158892";"";1;"";0;"new";0;0;0;0;0;"";"";"";"";1;0;0;0;""
143;1;"Espejo de baño con luz LED Samsum Royo Lua";"12";217.553719;1;"";1;47.73;15.350000000000001;"";"";"";"";"Royo Group";"Royo Group";"8414623397928";"";"fa39617fd074e";"";"";"";"";0;"Entre 3.0 y 5.0 días";"";100;1;"";0;"both";"";"";"";"Espejo de baño con luz LED Samsum Royo Lua Redondo, luz retroiluminada neutra";"Espejo de baño con luz LED Samsum Royo Lua Redondo, luz retroiluminada neutra";"royo group,complemento,baño,espejos compatibles";"Espejo de baño con luz LED Samsum Royo Lua";"";"Espejo de baño con luz LED Samsum Royo Lua Redondo, luz retroiluminada neutra";"espejo-de-royo-group-lua";"Disponible";"";1;"";"";1;"https://cdn.todomueblesdebano.com/image/upload/f_auto%2Cq_auto/v1/products/e6d51dfe-21e7-4b54-9c56-7ecbbde6d918/Lua_1671126228.6896544";"";1;"";0;"new";0;0;0;0;0;"";"";"";"";1;0;0;0;""
144;1;"Espejo de baño con luz LED Samsum Royo Blaze";"12";191.305785;1;"";1;41.98;15.350000000000001;"";"";"";"";"Royo Group";"Royo Group";"8414623397928";"";"e6d655825d108";"";"";"";"";0;"Entre 3.0 y 5.0 días";"";100;1;"";0;"both";"";"";"";"Espejo de baño con luz LED Samsum Royo Blaze Cuadrado o rectangular, luz retroiluminada neutra";"Espejo de baño con luz LED Samsum Royo Blaze Cuadrado o rectangular, luz retroiluminada neutra";"royo group,complemento,baño,espejos compatibles";"Espejo de baño con luz LED Samsum Royo Blaze";"";"Espejo de baño con luz LED Samsum Royo Blaze Cuadrado o rectangular, luz retroiluminada neutra";"espejo-de-bano-luz-led-royo-blaze";"Disponible";"";1;"";"";1;"https://cdn.todomueblesdebano.com/image/upload/f_auto%2Cq_auto/v1/products/e63ccfd0-e282-4d55-b44e-6d4c03f80d7e/Blaze_1671125801.2474012";"";1;"";0;"new";0;0;0;0;0;"";"";"";"";1;0;0;0;""
145;1;"Soporte plancha de pelo Royo Sumi";"16";45.710744;1;"";1;10.03;15.350000000000001;"";"";"";"";"Royo Group";"Royo Group";"8414623374776";"";"49309195c9967";"";"";"";"";0;"Entre 3.0 y 5.0 días";"";100;1;"";0;"both";"";"";"";"Soporte plancha de pelo Royo Sumi Ø 60 mm";"Soporte plancha de pelo Royo Sumi Ø 60 mm";"royo group,accesorios de baño,complemento,baño";"Soporte plancha de pelo Royo Sumi";"";"Soporte plancha de pelo Royo Sumi Ø 60 mm";"soporte-plancha-pelo-royo-group-sumi-laton-60-cm";"Disponible";"";1;"";"";1;"https://cdn.todomueblesdebano.com/image/upload/f_auto%2Cq_auto/v1/products/264b39f2-810e-47bb-a3a7-5a1e42f8a028/Sumi_PlanchaPelo_Blanco_1671129895.2682033";"";1;"";0;"new";0;0;0;0;0;"";"";"";"";1;0;0;0;""
146;1;"Portarrollos sin tapa de baño Royo Sumi";"16";37.247934;1;"";1;8.17;15.350000000000001;"";"";"";"";"Royo Group";"Royo Group";"8414623399694";"";"edd74b076ff7b";"";"";"";"";0;"Entre 3.0 y 5.0 días";"";100;1;"";0;"both";"";"";"";"Portarrollos sin tapa de baño Royo Sumi Ø16 mm, sujeción con enganche";"Portarrollos sin tapa de baño Royo Sumi Ø16 mm, sujeción con enganche";"royo group,accesorios de baño,complemento,baño";"Portarrollos sin tapa de baño Royo Sumi";"";"Portarrollos sin tapa de baño Royo Sumi Ø16 mm, sujeción con enganche";"portarrollos-sin-tapa-bano-de-royo-de-16-mm";"Disponible";"";1;"";"";1;"https://cdn.todomueblesdebano.com/image/upload/f_auto%2Cq_auto/v1/products/e2cf9a46-997e-4571-979f-a33d61d505b1/Sumi_Portarrollos_Blanco_1671132091.7124088";"";1;"";0;"new";0;0;0;0;0;"";"";"";"";1;0;0;0;""
147;1;"Toallero Royo Sumi";"16";49.942149;1;"";1;10.96;15.350000000000001;"";"";"";"";"Royo Group";"Royo Group";"8414623374714";"";"9f7678a300b5f";"";"";"";"";0;"Entre 3.0 y 5.0 días";"";100;1;"";0;"both";"";"";"";"Toallero Royo Sumi 37.5x7x1.6cm, lateral";"Toallero Royo Sumi 37.5x7x1.6cm, lateral";"royo group,accesorios de baño,complemento,baño";"Toallero Royo Sumi";"";"Toallero Royo Sumi 37.5x7x1.6cm, lateral";"toallero-bano-royo-group-sumi-laton-375-x-16-cm";"Disponible";"";1;"";"";1;"https://cdn.todomueblesdebano.com/image/upload/f_auto%2Cq_auto/v1/products/313776e4-1b63-4358-85d5-0292b0a32ca2/Sumi_ToalleroBarra_Blanco_1671128108.8866787";"";1;"";0;"new";0;0;0;0;0;"";"";"";"";1;0;0;0;""
148;1;"Soporte secador de pelo Royo Sumi";"16";32.636364;1;"";0;"";"";"";"";"";"";"Royo Group";"Royo Group";"8414623374745";"";"e4c763de1a8b8";"";"";"";"";0;"Entre 3.0 y 5.0 días";"";100;1;"";0;"both";"";"";"";"Soporte secador de pelo Royo Sumi Ø93,5mm";"Soporte secador de pelo Royo Sumi Ø93,5mm";"royo group,accesorios de baño,complemento,baño";"Soporte secador de pelo Royo Sumi";"";"Soporte secador de pelo Royo Sumi Ø93,5mm";"soporte-secador-pelo-royo-group-sumi-laton-935-cm";"Disponible";"";1;"";"";1;"https://cdn.todomueblesdebano.com/image/upload/f_auto%2Cq_auto/v1/products/856bacf5-fd30-46eb-aaad-55651eb24a82/Sumi_SecadorPelo_Blanco_1671129739.0929368";"";1;"";0;"new";0;0;0;0;0;"";"";"";"";1;0;0;0;""
149;1;"Toallero percha de baño Royo Sumi";"16";28.785124;1;"";1;6.31;15.350000000000001;"";"";"";"";"Royo Group";"Royo Group";"8414623399724";"";"8cc3a296b4dd2";"";"";"";"";0;"Entre 3.0 y 5.0 días";"";100;1;"";0;"both";"";"";"";"Toallero percha de baño Royo Sumi Ø16 mm, sujeción con enganche";"Toallero percha de baño Royo Sumi Ø16 mm, sujeción con enganche";"royo group,accesorios de baño,complemento,baño";"Toallero percha de baño Royo Sumi";"";"Toallero percha de baño Royo Sumi Ø16 mm, sujeción con enganche";"toallero-percha-bano-royo-16-mm";"Disponible";"";1;"";"";1;"https://cdn.todomueblesdebano.com/image/upload/f_auto%2Cq_auto/v1/products/59e209a6-877e-4a30-b73f-0221e1af7482/Sumi_ToalleroPercha_Blanco_1671131948.8655906";"";1;"";0;"new";0;0;0;0;0;"";"";"";"";1;0;0;0;""
150;1;"Accesorio de lavabo Válvula Royo Clic-Clac";"19";39.132231;1;"";1;4.68;9.0;"";"";"";"";"Royo Group";"Royo Group";"8414623213983";"";"6b95994f45deb";"";"";"";"";0;"Entre 3.0 y 5.0 días";"";100;1;"";0;"both";"";"";"";"Accesorio de lavabo Válvula Royo Clic-Clac varios acabados";"Accesorio de lavabo Válvula Royo Clic-Clac varios acabados";"royo group,válvulas,complemento,baño";"Accesorio de lavabo Válvula Royo Clic-Clac";"";"Accesorio de lavabo Válvula Royo Clic-Clac varios acabados";"accesorio-lavabo-valvula-royo-clic-clac";"Disponible";"";1;"";"";1;"https://cdn.todomueblesdebano.com/image/upload/f_auto%2Cq_auto/v1/products/27a9125d-f068-4267-9d57-48d8d91fdeea/Valvula_Blanca_2_1671133646.781863";"";1;"";0;"new";0;0;0;0;0;"";"";"";"";1;0;0;0;""
151;1;"Aplique de luz LED Royo Lucce";"18";73.801653;1;"";1;9.92;10.0;"";"";"";"";"Royo Group";"Royo Group";"8414623233950";"";"c057a15a4d9a9";"";"";"";"";0;"Entre 3.0 y 5.0 días";"";100;1;"";0;"both";"";"";"";"Aplique de luz LED Royo Lucce Cromado o Negro, 6000K";"Aplique de luz LED Royo Lucce Cromado o Negro, 6000K";"royo group,complemento,baño,iluminación";"Aplique de luz LED Royo Lucce";"";"Aplique de luz LED Royo Lucce Cromado o Negro, 6000K";"aplique-lucce-led-de-royo-group";"Disponible";"";1;"";"";1;"https://cdn.todomueblesdebano.com/image/upload/f_auto%2Cq_auto/v1/products/bb6c9df6-cc9e-4263-980a-8e60f4115b70/Lucce_30_1671039955.9604628";"";1;"";0;"new";0;0;0;0;0;"";"";"";"";1;0;0;0;""
152;1;"Aplique de luz LED Royo Uri";"18";38.090909;1;"";1;8.36;15.350000000000001;"";"";"";"";"Royo Group";"Royo Group";"8414623323880";"";"ec24fe238a701";"";"";"";"";0;"Entre 3.0 y 5.0 días";"";100;1;"";0;"both";"";"";"";"Aplique de luz LED Royo Uri Cromado, 4000K";"Aplique de luz LED Royo Uri Cromado, 4000K";"royo group,complemento,baño,iluminación";"Aplique de luz LED Royo Uri";"";"Aplique de luz LED Royo Uri Cromado, 4000K";"aplique-de-luz-led-royo-uri";"Disponible";"";1;"";"";1;"https://cdn.todomueblesdebano.com/image/upload/f_auto%2Cq_auto/v1/products/33e1618f-3e7d-405c-bef7-c76592682698/Uri_30_1671037628.1815212";"";1;"";0;"new";0;0;0;0;0;"";"";"";"";1;0;0;0;""
153;1;"Aplique de luz LED Royo Llum";"18";76.041322;1;"";1;19.31;17.35;"";"";"";"";"Royo Group";"Royo Group";"8414623323880";"";"fa13d6a48d062";"";"";"";"";0;"Entre 3.0 y 5.0 días";"";100;1;"";0;"both";"";"";"";"Aplique de luz LED Royo Llum Cromado, 6000K";"Aplique de luz LED Royo Llum Cromado, 6000K";"royo group,complemento,baño,iluminación";"Aplique de luz LED Royo Llum";"";"Aplique de luz LED Royo Llum Cromado, 6000K";"aplique-royo-group-llum-led-4595";"Disponible";"";1;"";"";1;"https://cdn.todomueblesdebano.com/image/upload/f_auto%2Cq_auto/v1/products/de98da0d-9e03-4503-a389-b51684396986/Llum_30_1671037433.8647523";"";1;"";0;"new";0;0;0;0;0;"";"";"";"";1;0;0;0;""
154;1;"Espejo de baño con luz LED Samsum Royo Dolga";"12";191.305785;1;"";1;41.98;15.350000000000001;"";"";"128131";"";"Royo Group";"Royo Group";"8414623397928";"";"b3365fc999997";"";"";"";"";0;"Entre 3.0 y 5.0 días";"";100;1;"";0;"both";"";"";"";"Espejo de baño con luz LED Samsum Royo Dolga 45x100 cm, ovalada, luz retroiluminada neutra";"Espejo de baño con luz LED Samsum Royo Dolga 45x100 cm, ovalada, luz retroiluminada neutra";"royo group,complemento,baño,espejos compatibles";"Espejo de baño con luz LED Samsum Royo Dolga";"";"Espejo de baño con luz LED Samsum Royo Dolga 45x100 cm, ovalada, luz retroiluminada neutra";"espejo-de-bano-luz-led-royo-dolga";"Disponible";"";1;"";"";1;"https://cdn.todomueblesdebano.com/image/upload/f_auto%2Cq_auto/v1/products/414db4e2-5887-4712-bfd4-0b9c8458a9e7/Dolga_1671125541.0196989";"";1;"";0;"new";0;0;0;0;0;"";"";"";"";1;0;0;0;""
155;1;"Armario con espejo Royo Fénix";"12";290.92562;1;"";1;73.9;17.35;"";"";"";"";"Royo Group";"Royo Group";"";"";"77ca19c13006d";"";"";"";"";0;"Entre 3.0 y 5.0 días";"";100;1;"";0;"both";"";"";"";"Armario con espejo Royo Fénix Rectangular";"Armario con espejo Royo Fénix Rectangular";"royo group,complemento,baño,espejos compatibles";"Armario con espejo Royo Fénix";"";"Armario con espejo Royo Fénix Rectangular";"camerino-royo-fenix";"Disponible";"";1;"";"";1;"https://cdn.todomueblesdebano.com/image/upload/f_auto%2Cq_auto/v1/products/6b235bbe-4355-4f45-ae94-647d3864af0e/Fenix_1676551432.4684865";"";1;"";0;"new";0;0;0;0;0;"";"";"";"";1;0;0;0;""
156;1;"Espejo de baño Royo Longo";"12";106.661157;1;"";1;23.4;15.350000000000001;"";"";"";"";"Royo Group";"Royo Group";"8414623345974";"";"ccb0bfc06b8f1";"";"";"";"";0;"Entre 3.0 y 5.0 días";"";100;1;"";0;"both";"";"";"";"Espejo de baño Royo Longo 45x100cm, rectangular";"Espejo de baño Royo Longo 45x100cm, rectangular";"royo group,complemento,baño,espejos compatibles";"Espejo de baño Royo Longo";"";"Espejo de baño Royo Longo 45x100cm, rectangular";"espejo-de-royo-group-longo";"Disponible";"";1;"";"";1;"https://cdn.todomueblesdebano.com/image/upload/f_auto%2Cq_auto/v1/products/181ed193-155b-42b9-8592-3accd00bd094/Longo_1671127039.3540723";"";1;"";0;"new";0;0;0;0;0;"";"";"";"";1;0;0;0;""
157;1;"Armario con espejo Royo Nika";"12";172.280992;1;"";1;77.1;27.0;"";"";"";"";"Royo Group";"Royo Group";"8414623191137";"";"b8c98769659f6";"";"";"";"";0;"Entre 3.0 y 5.0 días";"";100;1;"";0;"both";"";"";"";"Armario con espejo Royo Nika Forma rectangular";"Armario con espejo Royo Nika Forma rectangular";"royo group,complemento,baño,espejos compatibles";"Armario con espejo Royo Nika";"";"Armario con espejo Royo Nika Forma rectangular";"camerino-para-bano-royo-group-nika";"Disponible";"";1;"";"";1;"https://cdn.todomueblesdebano.com/image/upload/f_auto%2Cq_auto/v1/products/be52b3b9-b48e-4fb0-939f-cecca786f89f/Nika_1676464395.574115";"";1;"";0;"new";0;0;0;0;0;"";"";"";"";1;0;0;0;""
158;1;"Espejo de baño Royo Eclipse";"12";137.983471;1;"";1;30.27;15.350000000000001;"";"";"";"";"Royo Group";"Royo Group";"8414623397881";"";"c257e6d8322e3";"";"";"";"";0;"Entre 3.0 y 5.0 días";"";100;1;"";0;"both";"";"";"";"Espejo de baño Royo Eclipse Marco metálico color negro, redondo";"Espejo de baño Royo Eclipse Marco metálico color negro, redondo";"royo group,complemento,baño,espejos compatibles";"Espejo de baño Royo Eclipse";"";"Espejo de baño Royo Eclipse Marco metálico color negro, redondo";"espejo-redondo-royo-eclipse-marco-negro-mate";"Disponible";"";1;"";"";1;"https://cdn.todomueblesdebano.com/image/upload/f_auto%2Cq_auto/v1/products/b9d45350-b097-4bd8-86c3-d862c8d96bf8/Eclipse_1671132597.4854891";"";1;"";0;"new";0;0;0;0;0;"";"";"";"";1;0;0;0;""
159;1;"Espejo de baño con luz LED Samsum Royo Stella";"12";193.85124;1;"";1;42.53;15.350000000000001;"";"";"";"";"Royo Group";"Royo Group";"8414623218506";"";"1ac8b46e5a7cc";"";"";"";"";0;"Entre 3.0 y 5.0 días";"";100;1;"";0;"both";"";"";"";"Espejo de baño con luz LED Samsum Royo Stella Rectangular, luz Led neutra con antivaho";"Espejo de baño con luz LED Samsum Royo Stella Rectangular, luz Led neutra con antivaho";"royo group,complemento,baño,espejos compatibles";"Espejo de baño con luz LED Samsum Royo Stella";"";"Espejo de baño con luz LED Samsum Royo Stella Rectangular, luz Led neutra con antivaho";"espejo-royo-group-stella-varias-medidas";"Disponible";"";1;"";"";1;"https://cdn.todomueblesdebano.com/image/upload/f_auto%2Cq_auto/v1/products/e4419a4c-0ca5-404f-bbeb-ce6459e7b78f/Stella_1671035935.8913367";"";1;"";0;"new";0;0;0;0;0;"";"";"";"";1;0;0;0;""
160;1;"Espejo de baño con luz LED Samsum Royo Lys";"12";121.892562;1;"";1;26.75;15.350000000000001;"";"";"";"";"Royo Group";"Royo Group";"8414623397928";"";"4cf3994ea7723";"";"";"";"";0;"Entre 3.0 y 5.0 días";"";100;1;"";0;"both";"";"";"";"Espejo de baño con luz LED Samsum Royo Lys Cuadrado o rectangular, luz frontal neutra";"Espejo de baño con luz LED Samsum Royo Lys Cuadrado o rectangular, luz frontal neutra";"royo group,complemento,baño,espejos compatibles";"Espejo de baño con luz LED Samsum Royo Lys";"";"Espejo de baño con luz LED Samsum Royo Lys Cuadrado o rectangular, luz frontal neutra";"espejo-de-bano-luz-led-royo-lys";"Disponible";"";1;"";"";1;"https://cdn.todomueblesdebano.com/image/upload/f_auto%2Cq_auto/v1/products/88c093d7-5103-43f7-9b97-3508fa630262/Lys_1671125370.1830041";"";1;"";0;"new";0;0;0;0;0;"";"";"";"";1;0;0;0;""
161;1;"Espejo de baño con luz LED Samsum Royo Halo";"12";228.553719;1;"";1;50.15;15.350000000000001;"";"";"";"";"Royo Group";"Royo Group";"8414623397928";"";"8339d33b6f701";"";"";"";"";0;"Entre 3.0 y 5.0 días";"";100;1;"";0;"both";"";"";"";"Espejo de baño con luz LED Samsum Royo Halo redondo, luz retroiluminada neutra";"Espejo de baño con luz LED Samsum Royo Halo redondo, luz retroiluminada neutra";"royo group,complemento,baño,espejos compatibles";"Espejo de baño con luz LED Samsum Royo Halo";"";"Espejo de baño con luz LED Samsum Royo Halo redondo, luz retroiluminada neutra";"espejo-de-bano-luz-led-royo-halo";"Disponible";"";1;"";"";1;"https://cdn.todomueblesdebano.com/image/upload/f_auto%2Cq_auto/v1/products/c0ba88a1-ef64-4dab-bce4-9ac091297ac6/Halo_1671125931.6804125";"";1;"";0;"new";0;0;0;0;0;"";"";"";"";1;0;0;0;""
162;1;"Espejo de baño Royo Esferic";"12";96.504132;1;"";1;21.17;15.350000000000001;"";"";"";"";"Royo Group";"Royo Group";"8414623179364";"";"2f7f9441318dd";"";"";"";"";0;"Entre 3.0 y 5.0 días";"";100;1;"";0;"both";"";"";"";"Espejo de baño Royo Esferic Forma rectangular";"Espejo de baño Royo Esferic Forma rectangular";"royo group,complemento,baño,espejos compatibles";"Espejo de baño Royo Esferic";"";"Espejo de baño Royo Esferic Forma rectangular";"espejo-royo-group-esferic-varias-medidas";"Disponible";"";1;"";"";1;"https://cdn.todomueblesdebano.com/image/upload/f_auto%2Cq_auto/v1/products/da7f8fb8-a0b4-4f5a-9835-4559e94b699d/Esferic_1671039597.9233074";"";1;"";0;"new";0;0;0;0;0;"";"";"";"";1;0;0;0;""
163;1;"Espejo de baño con luz LED Samsum Royo Glow";"12";269.190083;1;"";1;59.06;15.350000000000001;"";"";"";"";"Royo Group";"Royo Group";"8414623397928";"";"4a872201b737e";"";"";"";"";0;"Entre 3.0 y 5.0 días";"";100;1;"";0;"both";"";"";"";"Espejo de baño con luz LED Samsum Royo Glow redondo, luz frontal neutra";"Espejo de baño con luz LED Samsum Royo Glow redondo, luz frontal neutra";"royo group,complemento,baño,espejos compatibles";"Espejo de baño con luz LED Samsum Royo Glow";"";"Espejo de baño con luz LED Samsum Royo Glow redondo, luz frontal neutra";"espejo-de-bano-luz-led-royo-glow";"Disponible";"";1;"";"";1;"https://cdn.todomueblesdebano.com/image/upload/f_auto%2Cq_auto/v1/products/dba46105-85a2-4fa1-800d-9ce085abaaec/Glow_1671125657.4090586";"";1;"";0;"new";0;0;0;0;0;"";"";"";"";1;0;0;0;""
164;1;"Espejo de baño con luz LED Samsum Royo Boira";"12";187.07438;1;"";1;41.05;15.350000000000001;"";"";"";"";"Royo Group";"Royo Group";"8414623345103";"";"0759c5bcea3c2";"";"";"";"";0;"Entre 3.0 y 5.0 días";"";100;1;"";0;"both";"";"";"";"Espejo de baño con luz LED Samsum Royo Boira Cuadrado, luz led frontal retroiluminada neutra, antivaho";"Espejo de baño con luz LED Samsum Royo Boira Cuadrado, luz led frontal retroiluminada neutra, antivaho";"royo group,complemento,baño,espejos compatibles";"Espejo de baño con luz LED Samsum Royo Boira";"";"Espejo de baño con luz LED Samsum Royo Boira Cuadrado, luz led frontal retroiluminada neutra, antivaho";"espejo-de-royo-group-boira";"Disponible";"";1;"";"";1;"https://cdn.todomueblesdebano.com/image/upload/f_auto%2Cq_auto/v1/products/086f077c-8f5f-49ab-88bf-5fb504c6a01f/Boira_1671126795.882941";"";1;"";0;"new";0;0;0;0;0;"";"";"";"";1;0;0;0;""
165;1;"Patas Royo Lite";"16";26.239669;1;"";1;5.76;15.350000000000001;"";"";"";"";"Royo Group";"Royo Group";"8414623504746";"";"dc0cd26cdbdea";"";"";"";"";0;"Entre 3.0 y 5.0 días";"";100;1;"";0;"both";"";"";"";"Patas Royo Lite 28.4 cm de alto, 2 unidades";"Patas Royo Lite 28.4 cm de alto, 2 unidades";"royo group,accesorios de baño,complemento,baño";"Patas Royo Lite";"";"Patas Royo Lite 28.4 cm de alto, 2 unidades";"accesorios-muebles-patas-royo-lite";"Disponible";"";1;"";"";1;"https://cdn.todomueblesdebano.com/image/upload/f_auto%2Cq_auto/v1/products/4f19e3b5-9b1a-445c-8738-999d6dce1d85/Pata_Lite_Cromo_1_1670948031.2185793";"";1;"";0;"new";0;0;0;0;0;"";"";"";"";1;0;0;0;""
166;1;"Patas Royo Wire";"16";26.239669;1;"";1;5.76;15.350000000000001;"";"";"";"";"Royo Group";"Royo Group";"8414623504746";"";"d08f9ccee7e0f";"";"";"";"";0;"Entre 3.0 y 5.0 días";"";100;1;"";0;"both";"";"";"";"Patas Royo Wire 28.4 cm de alto, 2 unidades";"Patas Royo Wire 28.4 cm de alto, 2 unidades";"royo group,accesorios de baño,complemento,baño";"Patas Royo Wire";"";"Patas Royo Wire 28.4 cm de alto, 2 unidades";"patas-royo-wire";"Disponible";"";1;"";"";1;"https://cdn.todomueblesdebano.com/image/upload/f_auto%2Cq_auto/v1/products/4103311f-2155-4688-80dc-1d4a78fc66fd/Pata_Wire_Blanca_1671133322.147485";"";1;"";0;"new";0;0;0;0;0;"";"";"";"";1;0;0;0;""
167;1;"Patas Royo Quad";"16";27.933884;1;"";1;6.13;15.350000000000001;"";"";"120900";"";"Royo Group";"Royo Group";"8414623504746";"";"fb865ac6be744";"";"";"";"";0;"Entre 3.0 y 5.0 días";"";100;1;"";0;"both";"";"";"";"Patas Royo Quad 27 cm de alto, 2 unidades";"Patas Royo Quad 27 cm de alto, 2 unidades";"royo group,accesorios de baño,complemento,baño";"Patas Royo Quad";"";"Patas Royo Quad 27 cm de alto, 2 unidades";"accesorios-muebles-patas-royo-quad";"Disponible";"";1;"";"";1;"https://cdn.todomueblesdebano.com/image/upload/f_auto%2Cq_auto/v1/products/2bd888c5-d178-4cf6-bc33-aa1d12b5ba68/Pata_Quad_Cromo_1671133152.8600237";"";1;"";0;"new";0;0;0;0;0;"";"";"";"";1;0;0;0;""
168;1;"Pata con toallero + pata baja Royo Suit";"16";195.545455;1;"";1;42.9;15.350000000000001;"";"";"";"";"Royo Group";"Royo Group";"";"";"baa2865b0685c";"";"";"";"";0;"Entre 3.0 y 5.0 días";"";100;1;"";0;"both";"";"";"";"Pata con toallero + pata baja Royo Suit Negro";"Pata con toallero + pata baja Royo Suit Negro";"royo group,accesorios de baño,complemento,baño";"Pata con toallero + pata baja Royo Suit";"";"Pata con toallero + pata baja Royo Suit Negro";"pata-toallero-pata-baja-royo-para-mueble";"Disponible";"";1;"";"";1;"https://cdn.todomueblesdebano.com/image/upload/f_auto%2Cq_auto/v1/products/343f6b4f-170d-4da8-b5df-56ec9b710e14/Pata_Suit_Negro_1671133472.5840027";"";1;"";0;"new";0;0;0;0;0;"";"";"";"";1;0;0;0;""
169;1;"Alto de baño Royo Style";"17";152.07438;1;"";1;38.63;17.35;"";"";"";"";"Royo Group";"Royo Group";"8414623706263";"";"0e60cb3e60c6d";"";"";"";"";0;"Entre 3.0 y 5.0 días";"";100;1;"";0;"both";"";"";"";"Alto de baño Royo Style 50x80x15cm, 2 puertas, suspendido";"Alto de baño Royo Style 50x80x15cm, 2 puertas, suspendido";"royo group,complemento,columnas y auxiliares,baño";"Alto de baño Royo Style";"";"Alto de baño Royo Style 50x80x15cm, 2 puertas, suspendido";"alto-de-bano-royo-80x50x15cm";"Disponible";"";1;"";"";1;"https://cdn.todomueblesdebano.com/image/upload/f_auto%2Cq_auto/v1/products/7230d623-daed-419f-8818-7641bd449346/alto-blanco-brillo_1668617396.262118";"";1;"";0;"new";0;0;0;0;0;"";"";"";"";1;0;0;0;""
170;1;"Alto de baño Royo Style";"17";129.760331;1;"";1;32.96;17.35;"";"";"";"";"Royo Group";"Royo Group";"8414623360311";"";"d83d09dcd96bf";"";"";"";"";0;"Entre 3.0 y 5.0 días";"";100;1;"";0;"both";"";"";"";"Alto de baño Royo Style 35x80x15cm, 1 puerta, suspendida";"Alto de baño Royo Style 35x80x15cm, 1 puerta, suspendida";"royo group,complemento,columnas y auxiliares,baño";"Alto de baño Royo Style";"";"Alto de baño Royo Style 35x80x15cm, 1 puerta, suspendida";"alto-de-bano-de-royo-80x35x15cm";"Disponible";"";1;"";"";1;"https://cdn.todomueblesdebano.com/image/upload/f_auto%2Cq_auto/v1/products/8b5660d7-e2f0-4dfd-b7e9-32f6d3aeffd9/alto-beige_1667817498.1566556";"";1;"";0;"new";0;0;0;0;0;"";"";"";"";1;0;0;0;""
171;1;"Aplique de luz LED Royo Sunna";"18";91.743802;1;"";1;23.3;17.35;"";"";"";"";"Royo Group";"Royo Group";"8414623376633";"";"8995f84397a7b";"";"";"";"";0;"Entre 3.0 y 5.0 días";"";100;1;"";0;"both";"";"";"";"Aplique de luz LED Royo Sunna Negro, 5W, 4000K";"Aplique de luz LED Royo Sunna Negro, 5W, 4000K";"royo group,complemento,baño,iluminación";"Aplique de luz LED Royo Sunna";"";"Aplique de luz LED Royo Sunna Negro, 5W, 4000K";"aplique-de-luz-led-royo-group-sunna";"Disponible";"";1;"";"";1;"https://cdn.todomueblesdebano.com/image/upload/f_auto%2Cq_auto/v1/products/ea276ad7-19dd-43d2-8654-b650b371dee9/Sunna_1671130576.323349";"";1;"";0;"new";0;0;0;0;0;"";"";"";"";1;0;0;0;""
172;1;"Aplique de luz LED Royo Limit";"18";58.958678;1;"";1;35.14;33.0;"";"";"";"";"Royo Group";"Royo Group";"8414623399953";"";"a2239e88e0e43";"";"";"";"";0;"Entre 3.0 y 5.0 días";"";100;1;"";0;"both";"";"";"";"Aplique de luz LED Royo Limit Cromado, 4000K";"Aplique de luz LED Royo Limit Cromado, 4000K";"royo group,complemento,baño,iluminación";"Aplique de luz LED Royo Limit";"";"Aplique de luz LED Royo Limit Cromado, 4000K";"aplique-limit-royo-luz-led";"Disponible";"";1;"";"";1;"https://cdn.todomueblesdebano.com/image/upload/f_auto%2Cq_auto/v1/products/241a0a67-309c-4feb-b415-078562763ab2/Limit_80_1671132456.3434083";"";1;"";0;"new";0;0;0;0;0;"";"";"";"";1;0;0;0;""
173;1;"Columna de baño Royo Vitale";"17";233.07438;1;"";1;59.2;17.35;"";"";"";"";"Royo Group";"Royo Group";"8414623358233";"";"464e0a35069c2";"";"";"";"";0;"Entre 3.0 y 5.0 días";"";100;1;"";0;"both";"";"";"";"Columna de baño Royo Vitale 30x150x24cm, 2 puertas, suspendida";"Columna de baño Royo Vitale 30x150x24cm, 2 puertas, suspendida";"royo group,complemento,columnas y auxiliares,baño";"Columna de baño Royo Vitale";"";"Columna de baño Royo Vitale 30x150x24cm, 2 puertas, suspendida";"columna-de-bano-de-royo-group-vitale-150-x-30-x-24-cm-suspendida";"Disponible";"";1;"";"";1;"https://cdn.todomueblesdebano.com/image/upload/f_auto%2Cq_auto/v1/products/95ce06a4-4568-4b62-ad1b-37f3ed8c727a/Vitale_100_3C_BlancoNature_Slim_Glow-principañ_1667500820.9614213";"";1;"";0;"new";0;0;0;0;0;"";"";"";"";1;0;0;0;""
174;1;"Columna de baño Royo Urban";"17";233.07438;1;"";1;59.2;17.35;"";"";"";"";"Royo Group";"Royo Group";"8414623378101";"";"acaf34421823d";"";"";"";"";0;"Entre 3.0 y 5.0 días";"";100;1;"";0;"both";"";"";"";"Columna de baño Royo Urban 35x162x24 cm, 2 puertas, suspendida";"Columna de baño Royo Urban 35x162x24 cm, 2 puertas, suspendida";"royo group,complemento,columnas y auxiliares,baño";"Columna de baño Royo Urban";"";"Columna de baño Royo Urban 35x162x24 cm, 2 puertas, suspendida";"columna-bano-royo-group-urban-2-puertas-150-x-30-cm";"Disponible";"";1;"";"";1;"https://cdn.todomueblesdebano.com/image/upload/f_auto%2Cq_auto/v1/products/926d6204-01d5-446e-a63f-ddb132c3b238/Urban_Columna_BeigeNature_1668093872.3940454";"";1;"";0;"new";0;0;0;0;0;"";"";"";"";1;0;0;0;""
175;1;"Columna de baño Royo Nisy";"17";160.338843;1;"";1;40.73;17.35;"";"";"";"";"Royo Group";"Royo Group";"8414623511638";"";"f9733f383c69f";"";"";"";"";0;"Entre 4.0 y 7.0 días";"";100;1;"";0;"both";"";"";"";"Columna de baño Royo Nisy 30x150x24cm, 2 puertas, suspendida";"Columna de baño Royo Nisy 30x150x24cm, 2 puertas, suspendida";"royo group,complemento,columnas y auxiliares,baño";"Columna de baño Royo Nisy";"";"Columna de baño Royo Nisy 30x150x24cm, 2 puertas, suspendida";"columna-bano-royo-nisy-150x30x24cm";"Disponible";"";1;"";"";1;"https://cdn.todomueblesdebano.com/image/upload/f_auto%2Cq_auto/v1/products/dcf41ff3-a24c-485c-a4f9-80d7b2d7ce8e/columna-nogal-arenado_1662476160.2256675";"";1;"";0;"new";0;0;0;0;0;"";"";"";"";1;0;0;0;""
176;1;"Columna de baño Royo Wave";"17";233.07438;1;"";1;59.2;17.35;"";"";"";"";"Royo Group";"Royo Group";"8414623378101";"";"f743975e7b674";"";"";"";"";0;"Entre 3.0 y 5.0 días";"";100;1;"";0;"both";"";"";"";"Columna de baño Royo Wave 35x162x24cm, 2 puertas, suspendida";"Columna de baño Royo Wave 35x162x24cm, 2 puertas, suspendida";"royo group,complemento,columnas y auxiliares,baño";"Columna de baño Royo Wave";"";"Columna de baño Royo Wave 35x162x24cm, 2 puertas, suspendida";"columna-bano-royo-group-wave-suspendida-2-puertas-162-x-35-cm";"Disponible";"";1;"";"";1;"https://cdn.todomueblesdebano.com/image/upload/f_auto%2Cq_auto/v1/products/4736b8a7-105b-492c-baa3-92a766f5f9b5/Wave_Columna_ArenaMate_1668096059.1873794";"";1;"";0;"new";0;0;0;0;0;"";"";"";"";1;0;0;0;""
177;1;"Lavabo sobre encimera Royo Nysa";"15";99.884298;1;"";1;21.92;15.350000000000001;"";"";"125816";"";"Royo Group";"Royo Group";"8414623361745";"";"2f092c42ba3b6";"";"";"";"";0;"Entre 3.0 y 5.0 días";"";100;1;"";0;"both";"";"";"";"Lavabo sobre encimera Royo Nysa Cerámica color blanco, Ø35cm";"Lavabo sobre encimera Royo Nysa Cerámica color blanco, Ø35cm";"royo group,lavabos compatibles,complemento,baño";"Lavabo sobre encimera Royo Nysa";"";"Lavabo sobre encimera Royo Nysa Cerámica color blanco, Ø35cm";"lavabo-royo-nysa-sobre-encimera-ceramica";"Disponible";"";1;"";"";1;"https://cdn.todomueblesdebano.com/image/upload/f_auto%2Cq_auto/v1/products/7039c60f-1159-4f8e-b9af-e0b00b4bcad5/Nysa_1671125028.9733725";"";1;"";0;"new";0;0;0;0;0;"";"";"";"";1;0;0;0;""
178;1;"Lavabo sobre encimera Royo Block";"15";227.710744;1;"";1;49.96;15.350000000000001;"";"";"";"";"Royo Group";"Royo Group";"8414623381453";"";"fe025ab846559";"";"";"";"";0;"Entre 3.0 y 5.0 días";"";100;1;"";0;"both";"";"";"";"Lavabo sobre encimera Royo Block Cargas minerales, 45.5x33x13.5cm";"Lavabo sobre encimera Royo Block Cargas minerales, 45.5x33x13.5cm";"royo group,lavabos compatibles,complemento,baño";"Lavabo sobre encimera Royo Block";"";"Lavabo sobre encimera Royo Block Cargas minerales, 45.5x33x13.5cm";"lavabo-royo-block-45-x-33-x-13-cm-sobre-encimera-ceramico";"Disponible";"";1;"";"";1;"https://cdn.todomueblesdebano.com/image/upload/f_auto%2Cq_auto/v1/products/1ded9c6d-147b-4258-b32b-f24ebb5aa63c/Block_Arena_1671131120.1140866";"";1;"";0;"new";0;0;0;0;0;"";"";"";"";1;0;0;0;""
179;1;"Lavabo sobre encimera Royo Volta";"15";181.14876;1;"";1;39.75;15.350000000000001;"";"";"126724";"";"Royo Group";"Royo Group";"";"";"fc0299ee2cd47";"";"";"";"";0;"Entre 3.0 y 5.0 días";"";100;1;"";0;"both";"";"";"";"Lavabo sobre encimera Royo Volta Solid Surface, blanco, 53x31x11.5cm";"Lavabo sobre encimera Royo Volta Solid Surface, blanco, 53x31x11.5cm";"royo group,lavabos compatibles,complemento,baño";"Lavabo sobre encimera Royo Volta";"";"Lavabo sobre encimera Royo Volta Solid Surface, blanco, 53x31x11.5cm";"lavabo-de-royo-volta-53-x-31-x-11-cm-sobre-encimera-mineral-cover";"Disponible";"";1;"";"";1;"https://cdn.todomueblesdebano.com/image/upload/f_auto%2Cq_auto/v1/products/a33824df-f464-409d-a68a-d3a0d9e57870/Volta_1671130940.6046922";"";1;"";0;"new";0;0;0;0;0;"";"";"";"";1;0;0;0;""
180;1;"Lavabo sobre encimera Royo Zala";"15";99.884298;1;"";1;21.92;15.350000000000001;"";"";"125817";"";"Royo Group";"Royo Group";"8414623361752";"";"824ef7cb0c625";"";"";"";"";0;"Entre 3.0 y 5.0 días";"";100;1;"";0;"both";"";"";"";"Lavabo sobre encimera Royo Zala Cerámica color blanco, 36x36x12.5cm";"Lavabo sobre encimera Royo Zala Cerámica color blanco, 36x36x12.5cm";"royo group,lavabos compatibles,complemento,baño";"Lavabo sobre encimera Royo Zala";"";"Lavabo sobre encimera Royo Zala Cerámica color blanco, 36x36x12.5cm";"lavabo-de-royo-zala-sobre-encimera-ceramica";"Disponible";"";1;"";"";1;"https://cdn.todomueblesdebano.com/image/upload/f_auto%2Cq_auto/v1/products/6bacb362-5583-4f23-a7a7-0733d89cdf90/Zala_1671125200.9043846";"";1;"";0;"new";0;0;0;0;0;"";"";"";"";1;0;0;0;""
181;1;"Lavabo sobre encimera Royo Nomia";"15";99.884298;1;"";1;21.92;15.350000000000001;"";"";"125818";"";"Royo Group";"Royo Group";"8414623361769";"";"0df2e63981723";"";"";"";"";0;"Entre 3.0 y 5.0 días";"";100;1;"";0;"both";"";"";"";"Lavabo sobre encimera Royo Nomia Cerámica color blanco, 50x9x13cm";"Lavabo sobre encimera Royo Nomia Cerámica color blanco, 50x9x13cm";"royo group,lavabos compatibles,complemento,baño";"Lavabo sobre encimera Royo Nomia";"";"Lavabo sobre encimera Royo Nomia Cerámica color blanco, 50x9x13cm";"lavabo-royo-nomia-sobre-encimera-ceramica";"Disponible";"";1;"";"";1;"https://cdn.todomueblesdebano.com/image/upload/f_auto%2Cq_auto/v1/products/e829d13a-ad3b-451e-89ac-9c0ca7c4c99f/Nomia_1671124876.9042602";"";1;"";0;"new";0;0;0;0;0;"";"";"";"";1;0;0;0;""
182;1;"Lavabo sobre encimera Royo Taos";"15";181.14876;1;"";1;39.75;15.350000000000001;"";"";"126290";"";"Royo Group";"Royo Group";"";"";"d6d2ac15a05ff";"";"";"";"";0;"Entre 3.0 y 5.0 días";"";100;1;"";0;"both";"";"";"";"Lavabo sobre encimera Royo Taos Solid Surface, blanco, 44.5x28x12cm";"Lavabo sobre encimera Royo Taos Solid Surface, blanco, 44.5x28x12cm";"royo group,lavabos compatibles,complemento,baño";"Lavabo sobre encimera Royo Taos";"";"Lavabo sobre encimera Royo Taos Solid Surface, blanco, 44.5x28x12cm";"lavabo-royo-taos-44x28x12-cm-sobre-encimera-mineral-cover";"Disponible";"";1;"";"";1;"https://cdn.todomueblesdebano.com/image/upload/f_auto%2Cq_auto/v1/products/571ae9ab-596f-4afa-9f4e-fcb5c957d412/Taos_1671130860.5982623";"";1;"";0;"new";0;0;0;0;0;"";"";"";"";1;0;0;0;""
183;1;"Lavabo sobre encimera Royo Oval";"15";227.710744;1;"";1;49.96;15.350000000000001;"";"";"127553";"";"Royo Group";"Royo Group";"";"";"c960a05e72f0e";"";"";"";"";0;"Entre 3.0 y 5.0 días";"";100;1;"";0;"both";"";"";"";"Lavabo sobre encimera Royo Oval Solid Surface, blanco, 45x30x10,5 cm";"Lavabo sobre encimera Royo Oval Solid Surface, blanco, 45x30x10,5 cm";"royo group,lavabos compatibles,complemento,baño";"Lavabo sobre encimera Royo Oval";"";"Lavabo sobre encimera Royo Oval Solid Surface, blanco, 45x30x10,5 cm";"lavabo-sobre-encimera-royo-oval";"Disponible";"";1;"";"";1;"https://cdn.todomueblesdebano.com/image/upload/f_auto%2Cq_auto/v1/products/653d326f-5270-4e4a-b86a-1ce114b06563/oval__002__1676626382.3969107";"";1;"";0;"new";0;0;0;0;0;"";"";"";"";1;0;0;0;""
184;1;"Lavabo sobre encimera Royo Sun";"15";227.710744;1;"";1;49.96;15.350000000000001;"";"";"";"";"Royo Group";"Royo Group";"8414623381460";"";"91e98bdcb5c52";"";"";"";"";0;"Entre 3.0 y 5.0 días";"";100;1;"";0;"both";"";"";"";"Lavabo sobre encimera Royo Sun Cargas minerales, blanco, Ø37x12cm";"Lavabo sobre encimera Royo Sun Cargas minerales, blanco, Ø37x12cm";"royo group,lavabos compatibles,complemento,baño";"Lavabo sobre encimera Royo Sun";"";"Lavabo sobre encimera Royo Sun Cargas minerales, blanco, Ø37x12cm";"lavabo-de-royo-sun-37-12-cm-sobre-encimera-ceramico";"Disponible";"";1;"";"";1;"https://cdn.todomueblesdebano.com/image/upload/f_auto%2Cq_auto/v1/products/a9150783-d4fb-4ecc-8f1e-67a46604e381/Sun_Arena_1671131244.7704072";"";1;"";0;"new";0;0;0;0;0;"";"";"";"";1;0;0;0;""
185;1;"Columna de baño Royo Econic";"17";271.917355;1;"";1;69.07;17.35;"";"";"";"";"Royo Group";"Royo Group";"";"";"5ae19564ca0b6";"";"";"";"";0;"Entre 3.0 y 5.0 días";"";100;1;"";0;"both";"";"";"";"Columna de baño Royo Econic 24,5x162x35 cm, 1 puerta suspendida";"Columna de baño Royo Econic 24,5x162x35 cm, 1 puerta suspendida";"royo group,complemento,columnas y auxiliares,baño";"Columna de baño Royo Econic";"";"Columna de baño Royo Econic 24,5x162x35 cm, 1 puerta suspendida";"columna-de-bano-royo-econic";"Disponible";"";1;"";"";1;"https://cdn.todomueblesdebano.com/image/upload/f_auto%2Cq_auto/v1/products/a519b195-6591-465f-ac01-08adfe643936/columna_econic_azul_1676904267.7356546";"";1;"";0;"new";0;0;0;0;0;"";"";"";"";1;0;0;0;""
186;1;"Grifo de lavabo Imex Monza";"11";39.958678;1;"";1;16.99;26.0;"";"";"BDM039-1";"";"IMEX";"IMEX";"8435668030717";"";"0916b278b1123";"";"";"";"";0;"Entre 2.0 y 4.0 días";"";100;1;"";0;"both";"";"";"";"Grifo de lavabo Imex Monza monomando";"Grifo de lavabo Imex Monza monomando";"grifos compatibles,complemento,baño,imex";"Grifo de lavabo Imex Monza";"";"Grifo de lavabo Imex Monza monomando";"grifo-de-lavabo-imex-monza-monomando";"Disponible";"";1;"";"";1;"https://cdn.todomueblesdebano.com/image/upload/f_auto%2Cq_auto/v1/products/56d8f7b4-5541-479c-b662-5e77e11032fb/BDM039-1_1680297422.7588801";"";1;"";0;"new";0;0;0;0;0;"";"";"";"";1;0;0;0;""
187;1;"Espejo de baño con luz LED Samsung Royo Aine";"12";178.61157;1;"";1;39.19;15.350000000000001;"";"";"";"";"Royo Group";"Royo Group";"";"";"1ac8b46e5a7cc";"";"";"";"";0;"Entre 3.0 y 5.0 días";"";100;1;"";0;"both";"";"";"";"Espejo de baño con luz LED Samsung Royo Aine iluminación directa fría que queda totalmente oculta por los difusores de color negro.";"Espejo de baño con luz LED Samsung Royo Aine iluminación directa fría que queda totalmente oculta por los difusores de color negro.";"royo group,complemento,baño,espejos compatibles";"Espejo de baño con luz LED Samsung Royo Aine";"";"Espejo de baño con luz LED Samsung Royo Aine iluminación directa fría que queda totalmente oculta por los difusores de color negro.";"espejo-royo-aine-luz-led";"Disponible";"";1;"";"";1;"https://cdn.todomueblesdebano.com/image/upload/f_auto%2Cq_auto/v1/products/c13c17fe-5873-418e-86aa-68bec04bbf6b/Espejo_Aine_1_1704889802.3136308";"";1;"";0;"new";0;0;0;0;0;"";"";"";"";1;0;0;0;""
188;1;"Columna con espejo para baño Royo Mirror";"17";323.198347;1;"";1;97.77;20.0;"";"";"128580";"";"Royo Group";"Royo Group";"8414623551009";"";"fbe2263077619";"";"";"";"";0;"Entre 3.0 y 5.0 días";"";100;1;"";0;"both";"";"";"";"Columna con espejo para baño Royo Mirror blanca, 39.6x162x30cm, 2 puertas, suspendida";"Columna con espejo para baño Royo Mirror blanca, 39.6x162x30cm, 2 puertas, suspendida";"royo group,complemento,columnas y auxiliares,baño";"Columna con espejo para baño Royo Mirror";"";"Columna con espejo para baño Royo Mirror blanca, 39.6x162x30cm, 2 puertas, suspendida";"columna-bano-royo-mirror-espejo";"Disponible";"";1;"";"";1;"https://cdn.todomueblesdebano.com/image/upload/f_auto%2Cq_auto/v1/products/da4145e2-a6f0-4faa-8c39-330e87e1134f/columna-mirror-royo_1703153076.7361555";"";1;"";0;"new";0;0;0;0;0;"";"";"";"";1;0;0;0;""
189;1;"Estantería de baño alto Royo Square";"17";286.793388;1;"";1;72.85;17.35;"";"";"C0074811";"";"Royo Group";"Royo Group";"8414623571137";"";"fbe2263077619";"";"";"";"";0;"Entre 20.0 y 25.0 días";"";100;1;"";0;"both";"";"";"";"Estantería de baño alto Royo Square 25x80x15cm, con estructura en negro mate";"Estantería de baño alto Royo Square 25x80x15cm, con estructura en negro mate";"royo group,complemento,columnas y auxiliares,baño";"Estantería de baño alto Royo Square";"";"Estantería de baño alto Royo Square 25x80x15cm, con estructura en negro mate";"estanteria-bano-alto-royo-square";"Disponible";"";1;"";"";1;"https://cdn.todomueblesdebano.com/image/upload/f_auto%2Cq_auto/v1/products/c581f216-4fe4-4fd2-9801-38c8d4c0b6a1/alto-logika_1703580874.8601682";"";1;"";0;"new";0;0;0;0;0;"";"";"";"";1;0;0;0;""
190;1;"Columna de baño Royo Logika";"17";201.471074;1;"";1;44.2;15.35;"";"";"130372";"";"Royo Group";"Royo Group";"8414623629647";"";"fbe2263077619";"";"";"";"";0;"Entre 3.0 y 5.0 días";"";100;1;"";0;"both";"";"";"";"Columna de baño Royo Logika 30x150x24cm, 2 puertas, suspendida";"Columna de baño Royo Logika 30x150x24cm, 2 puertas, suspendida";"royo group,complemento,columnas y auxiliares,baño";"Columna de baño Royo Logika";"";"Columna de baño Royo Logika 30x150x24cm, 2 puertas, suspendida";"columna-bano-royo-logika";"Disponible";"";1;"";"";1;"https://cdn.todomueblesdebano.com/image/upload/f_auto%2Cq_auto/v1/products/6ecd2f33-eb92-459f-8653-2fc52332afe6/columna-logika_1703585200.8300922";"";1;"";0;"new";0;0;0;0;0;"";"";"";"";1;0;0;0;""
191;1;"Estante de baño Royo Square";"17";76.041322;1;"";1;19.31;17.35;"";"";"C0074800";"";"Royo Group";"Royo Group";"8414623571243";"";"b92150f854dfc";"";"";"";"";0;"Entre 3.0 y 5.0 días";"";100;1;"";0;"both";"";"";"";"Estante de baño Royo Square 35.3x15x2.1 cm con estructura en negro mate";"Estante de baño Royo Square 35.3x15x2.1 cm con estructura en negro mate";"royo group,complemento,columnas y auxiliares,baño";"Estante de baño Royo Square";"";"Estante de baño Royo Square 35.3x15x2.1 cm con estructura en negro mate";"estante-bano-royo-bruntec";"Disponible";"";1;"";"";1;"https://cdn.todomueblesdebano.com/image/upload/f_auto%2Cq_auto/v1/products/4b4fc377-e054-40e6-8661-d93b1b2f83af/repisa-square_1703581969.7704005";"";1;"";0;"new";0;0;0;0;0;"";"";"";"";1;0;0;0;""
192;1;"Estantería de baño Square Royo";"17";381.016529;1;"";1;96.78;17.35;"";"";"C0074822";"";"Royo Group";"Royo Group";"8414623571021";"";"fbe2263077619";"";"";"";"";0;"Entre 3.0 y 5.0 días";"";100;1;"";0;"both";"";"";"";"Estantería de baño Square Royo 35x150x35cm, con estructura en negro mate";"Estantería de baño Square Royo 35x150x35cm, con estructura en negro mate";"royo group,complemento,columnas y auxiliares,baño";"Estantería de baño Square Royo";"";"Estantería de baño Square Royo 35x150x35cm, con estructura en negro mate";"estanteria-bano-royo-square";"Disponible";"";1;"";"";1;"https://cdn.todomueblesdebano.com/image/upload/f_auto%2Cq_auto/v1/products/04052ece-7f31-40e9-bfce-03a6ee2e63c7/Square_Columna_3_1703155415.3049994";"";1;"";0;"new";0;0;0;0;0;"";"";"";"";1;0;0;0;""
193;1;"Grifo de lavabo Imex Roma";"11";72.520661;1;"";1;30.83;26.0;"";"";"BDR001-3";"";"IMEX";"IMEX";"8435668002257";"";"c411d6ce6f609";"";"";"";"";0;"Entre 2.0 y 4.0 días";"";100;1;"";0;"both";"";"";"";"Grifo de lavabo Imex Roma Monomando, caño alto";"Grifo de lavabo Imex Roma Monomando, caño alto";"grifos compatibles,complemento,baño,imex";"Grifo de lavabo Imex Roma";"";"Grifo de lavabo Imex Roma Monomando, caño alto";"grifo-alto-lavabo-monomando-Imex-cromado-125x235mm-roma";"Disponible";"";1;"";"";1;"https://cdn.todomueblesdebano.com/image/upload/f_auto%2Cq_auto/v1/products/ef906cc1-4f31-47f2-8d91-4be7ba2baf58/Grifo-de-lavabo-alto-Roma-imex-cro_1756759740.749806";"";1;"";0;"new";0;0;0;0;0;"";"";"";"";1;0;0;0;""
194;1;"Grifo de lavabo empotrado Imex Etna";"11";52.165289;1;"";1;22.18;26.0;"";"";"GLT023";"";"IMEX";"IMEX";"8435668004657";"";"11477124e0555";"";"";"";"";0;"Entre 2.0 y 4.0 días";"";100;1;"";0;"both";"";"";"";"Grifo de lavabo empotrado Imex Etna Monomando";"Grifo de lavabo empotrado Imex Etna Monomando";"grifos compatibles,complemento,baño,imex";"Grifo de lavabo empotrado Imex Etna";"";"Grifo de lavabo empotrado Imex Etna Monomando";"grifo-de-lavabo-monomando-de-imex-empotrado-cromo-etna";"Disponible";"";1;"";"";1;"https://cdn.todomueblesdebano.com/image/upload/f_auto%2Cq_auto/v1/products/aec76f85-907b-4543-8368-ef008c0ba4a6/1600_x_1600_1660765097.752853";"";1;"";0;"new";0;0;0;0;0;"";"";"";"";1;0;0;0;""
195;1;"Grifo de lavabo Imex Line";"11";76.22314;1;"";1;32.4;26.0;"";"";"DD038-3";"";"IMEX";"IMEX";"8435668011365";"";"0c82659753a4c";"";"";"";"";0;"Entre 2.0 y 4.0 días";"";100;1;"";0;"both";"";"";"";"Grifo de lavabo Imex Line Monomando, caño alto";"Grifo de lavabo Imex Line Monomando, caño alto";"grifos compatibles,complemento,baño,imex";"Grifo de lavabo Imex Line";"";"Grifo de lavabo Imex Line Monomando, caño alto";"grifo-lavabo-imex-monomando-alto-maneta-cromo-322x183mm-line";"Disponible";"";1;"";"";1;"https://cdn.todomueblesdebano.com/image/upload/f_auto%2Cq_auto/v1/products/7a8587df-0c01-4ce8-9b5e-f4f1dfcacf12/Grifo-de-lavabo-cano-alto-line-cromo-brillo_1757955820.7924688";"";1;"";0;"new";0;0;0;0;0;"";"";"";"";1;0;0;0;""
196;1;"Grifo de lavabo Imex Luxor";"11";83.991736;1;"";1;35.71;26.0;"";"";"BDX023-3";"";"IMEX";"IMEX";"8435668008846";"";"f50321a38ae91";"";"";"";"";0;"Entre 2.0 y 4.0 días";"";100;1;"";0;"both";"";"";"";"Grifo de lavabo Imex Luxor Monomando, caño alto";"Grifo de lavabo Imex Luxor Monomando, caño alto";"grifos compatibles,complemento,baño,imex";"Grifo de lavabo Imex Luxor";"";"Grifo de lavabo Imex Luxor Monomando, caño alto";"grifo-alto-de-lavabo-monomando-de-imex-cromado-164x221mm-luxor";"Disponible";"";1;"";"";1;"https://cdn.todomueblesdebano.com/image/upload/f_auto%2Cq_auto/v1/products/c2986313-5d28-49fc-84ae-e291cf47a811/grifo-lavabo-luxor-alto_1634665738.1732333";"";1;"";0;"new";0;0;0;0;0;"";"";"";"";1;0;0;0;""
197;1;"Columna de baño Royo Sansa";"17";156.31405;1;"";1;56.49;23.0;"";"";"";"";"Royo Group";"Royo Group";"8414623510945";"";"d2609954977cb";"";"";"";"";0;"Entre 3.0 y 5.0 días";"";100;1;"";0;"both";"";"";"";"Columna de baño Royo Sansa 30x150x24cm, 2 puertas, suspendida";"Columna de baño Royo Sansa 30x150x24cm, 2 puertas, suspendida";"royo group,complemento,columnas y auxiliares,baño";"Columna de baño Royo Sansa";"";"Columna de baño Royo Sansa 30x150x24cm, 2 puertas, suspendida";"columna-de-bano-de-royo-group-sansa-150x30x24cm";"Disponible";"";1;"";"";1;"https://cdn.todomueblesdebano.com/image/upload/f_auto%2Cq_auto/v1/products/a0b1b4c8-1f11-4e64-ab84-015cfeac86a0/Sansa_Columna_GrisArenado_1667822993.4210496";"";1;"";0;"new";0;0;0;0;0;"";"";"";"";1;0;0;0;""
198;1;"Columna de baño Royo Mio";"17";262.826446;1;"";1;66.76;17.35;"";"";"";"";"Royo Group";"Royo Group";"8414623510440";"";"75849ec0e3ac9";"";"";"";"";0;"Entre 3.0 y 5.0 días";"";100;1;"";0;"both";"";"";"";"Columna de baño Royo Mio 36,5x162x24cm, 2 puertas, suspendida";"Columna de baño Royo Mio 36,5x162x24cm, 2 puertas, suspendida";"royo group,complemento,columnas y auxiliares,baño";"Columna de baño Royo Mio";"";"Columna de baño Royo Mio 36,5x162x24cm, 2 puertas, suspendida";"columna-de-bano-royo-mio";"Disponible";"";1;"";"";1;"https://cdn.todomueblesdebano.com/image/upload/f_auto%2Cq_auto/v1/products/48ffc35d-0bc3-4cfb-a7e5-87a3389d0cc8/Mio_columna_RobleBlanco_1671020863.894224";"";1;"";0;"new";0;0;0;0;0;"";"";"";"";1;0;0;0;""
199;1;"Lavabo encastrado Slim";"15";99.652893;1;"";1;21.86;15.35;"";"";"";"";"Royo Group";"Royo Group";"8414623230331";"";"8307fb54ddd3a";"";"";"";"";0;"Entre 3.0 y 5.0 días";"";100;1;"";0;"both";"";"";"";"Lavabo encastrado Slim Cerámica, blanco";"Lavabo encastrado Slim Cerámica, blanco";"royo group,lavabos compatibles,complemento,baño";"Lavabo encastrado Slim";"";"Lavabo encastrado Slim Cerámica, blanco";"lavabo-de-royo-group-slim-encastrado-ceramica-4563";"Disponible";"";1;"";"";1;"https://cdn.todomueblesdebano.com/image/upload/f_auto%2Cq_auto/v1/products/45ca6efb-80f9-4fdd-8bf7-7433f1776933/Slim_1671037937.3577514";"";1;"";0;"new";0;0;0;0;0;"";"";"";"";1;0;0;0;""
200;1;"Lavabo encastrado Royo Sky";"15";212.413223;1;"";1;53.95;17.35;"";"";"";"";"Royo Group";"Royo Group";"";"";"fc8a2f34794fd";"";"";"";"";0;"Entre 25.0 y 30.0 días";"";100;1;"";0;"both";"";"";"";"Lavabo encastrado Royo Sky Cargas minerales, blanco";"Lavabo encastrado Royo Sky Cargas minerales, blanco";"royo group,lavabos compatibles,complemento,baño";"Lavabo encastrado Royo Sky";"";"Lavabo encastrado Royo Sky Cargas minerales, blanco";"lavabo-de-royo-sky-encastrado-mineral-cover";"Disponible";"";1;"";"";1;"https://cdn.todomueblesdebano.com/image/upload/f_auto%2Cq_auto/v1/products/24dd587f-19e4-4f31-934b-15a64cca8890/Sky_1671131732.105458";"";1;"";0;"new";0;0;0;0;0;"";"";"";"";1;0;0;0;""
201;1;"Lavabo encastrado Enzo";"15";106.661157;1;"";1;23.4;15.350000000000001;"";"";"";"";"Royo Group";"Royo Group";"";"";"8307fb54ddd3a";"";"";"";"";0;"Entre 3.0 y 5.0 días";"";100;1;"";0;"both";"";"";"";"Lavabo encastrado Enzo cerámica, blanco";"Lavabo encastrado Enzo cerámica, blanco";"royo group,lavabos compatibles,complemento,baño";"Lavabo encastrado Enzo";"";"Lavabo encastrado Enzo cerámica, blanco";"lavabo-royo-enzo-encastrado";"Disponible";"";1;"";"";1;"https://cdn.todomueblesdebano.com/image/upload/f_auto%2Cq_auto/v1/products/484eebb9-8736-4724-a8d8-c20733d30056/ENZO_1_1698058993.4494476";"";1;"";0;"new";0;0;0;0;0;"";"";"";"";1;0;0;0;""
202;1;"Cajonera de baño Royo Vida";"17";226.46281;1;"";1;57.52;17.35;"";"";"";"";"Royo Group";"Royo Group";"8414623383099";"";"d990239571138";"";"";"";"";0;"Entre 15.0 y 20.0 días";"";100;1;"";0;"both";"";"";"";"Cajonera de baño Royo Vida 1 cajón con tapa, suspendida, 46 cm fondo";"Cajonera de baño Royo Vida 1 cajón con tapa, suspendida, 46 cm fondo";"royo group,complemento,columnas y auxiliares,baño";"Cajonera de baño Royo Vida";"";"Cajonera de baño Royo Vida 1 cajón con tapa, suspendida, 46 cm fondo";"mueble-auxiliar-de-royo-vida-28x6080x45-cm-suspendido-con-tapa-y-sin-salva-sifon-1-cajon";"Disponible";"";1;"";"";1;"https://cdn.todomueblesdebano.com/image/upload/f_auto%2Cq_auto/v1/products/2a6cfc88-18e1-44c6-8e22-2043bd4626f2/cajonera-vida_e3zqC4o_1662475236_1689682071.7730508";"";1;"";0;"new";0;0;0;0;0;"";"";"";"";1;0;0;0;""
203;1;"Columna de baño Royo Vida";"17";190.92562;1;"";1;48.49;17.35;"";"";"";"";"Royo Group";"Royo Group";"8414623510440";"";"32af5e7f914ec";"";"";"";"";0;"Entre 3.0 y 5.0 días";"";100;1;"";0;"both";"";"";"";"Columna de baño Royo Vida 30x150x24cm, 2 puertas, suspendida";"Columna de baño Royo Vida 30x150x24cm, 2 puertas, suspendida";"royo group,complemento,columnas y auxiliares,baño";"Columna de baño Royo Vida";"";"Columna de baño Royo Vida 30x150x24cm, 2 puertas, suspendida";"columna-bano-royo-vida-150-30-24-suspendida";"Disponible";"";1;"";"";1;"https://cdn.todomueblesdebano.com/image/upload/f_auto%2Cq_auto/v1/products/453dd4f5-3e36-4b1d-8326-3181ee02afe6/columna-galet_1668020941.842803";"";1;"";0;"new";0;0;0;0;0;"";"";"";"";1;0;0;0;""
204;1;"Grifo de lavabo Imex Bélgica";"11";64.752066;1;"";1;27.53;26.0;"";"";"BDZ044-3";"";"IMEX";"IMEX";"8435668002318";"";"483ee70c0c24d";"";"";"";"";0;"Entre 2.0 y 4.0 días";"";100;1;"";0;"both";"";"";"";"Grifo de lavabo Imex Bélgica Monomando, caño alto";"Grifo de lavabo Imex Bélgica Monomando, caño alto";"grifos compatibles,complemento,baño,imex";"Grifo de lavabo Imex Bélgica";"";"Grifo de lavabo Imex Bélgica Monomando, caño alto";"grifo-lavabo-imex-monomando-alto-maneta-cromo-294x227mm-belgica";"Disponible";"";1;"";"";1;"https://cdn.todomueblesdebano.com/image/upload/f_auto%2Cq_auto/v1/products/aa9051f7-c513-4093-9e45-46c1a3e653d9/grifo-lavabo-monomando-alto-maneta-cromo-294x227mm-belgica-imex_1660057506.88122";"";1;"";0;"new";0;0;0;0;0;"";"";"";"";1;0;0;0;""
205;1;"Grifo de lavabo caño alto Imex Monza";"11";54.016529;1;"";1;22.97;26.0;"";"";"BDM039-3";"";"IMEX";"IMEX";"8435668030618";"";"15c014045171c";"";"";"";"";0;"Entre 2.0 y 4.0 días";"";100;1;"";0;"both";"";"";"";"Grifo de lavabo caño alto Imex Monza monomando";"Grifo de lavabo caño alto Imex Monza monomando";"grifos compatibles,complemento,baño,imex";"Grifo de lavabo caño alto Imex Monza";"";"Grifo de lavabo caño alto Imex Monza monomando";"grifo-de-lavabo-cano-alto-imex-monza";"Disponible";"";1;"";"";1;"https://cdn.todomueblesdebano.com/image/upload/f_auto%2Cq_auto/v1/products/776a0807-a9d6-43fe-b8a7-7186b34931ff/BDM039-3_1680699095.6186292";"";1;"";0;"new";0;0;0;0;0;"";"";"";"";1;0;0;0;""
206;1;"Grifo de lavabo empotrado Imex Monza";"11";48.099174;1;"";1;20.45;26.0;"";"";"GLM039";"";"IMEX";"IMEX";"8435668030663";"";"9930ae49b4121";"";"";"";"";0;"Entre 2.0 y 4.0 días";"";100;1;"";0;"both";"";"";"";"Grifo de lavabo empotrado Imex Monza Cromo, monomando";"Grifo de lavabo empotrado Imex Monza Cromo, monomando";"grifos compatibles,complemento,baño,imex";"Grifo de lavabo empotrado Imex Monza";"";"Grifo de lavabo empotrado Imex Monza Cromo, monomando";"grifo-de-lavabo-empotrado-imex-monza";"Disponible";"";1;"";"";1;"https://cdn.todomueblesdebano.com/image/upload/f_auto%2Cq_auto/v1/products/6e7b6994-32ed-4456-b0a3-8867c79acb22/GLM039-a_1681224520.8931217";"";1;"";0;"new";0;0;0;0;0;"";"";"";"";1;0;0;0;""
207;1;"Columna de baño Royo Dai";"17";215.157025;1;"";1;59.1;18.5;"";"";"C0074210";"";"Royo Group";"Royo Group";"8414623509987";"";"fbe2263077619";"";"";"";"";0;"Entre 3.0 y 5.0 días";"";100;1;"";0;"both";"";"";"";"Columna de baño Royo Dai 31.5x150x24cm, 2 puertas, suspendida";"Columna de baño Royo Dai 31.5x150x24cm, 2 puertas, suspendida";"royo group,complemento,columnas y auxiliares,baño";"Columna de baño Royo Dai";"";"Columna de baño Royo Dai 31.5x150x24cm, 2 puertas, suspendida";"columna-bano-royo-dai-suspendida-2-puertas-150-x-31";"Disponible";"";1;"";"";1;"https://cdn.todomueblesdebano.com/image/upload/f_auto%2Cq_auto/v1/products/1f3cd457-3bab-4dc0-b234-9140007a4aa0/columna-arena-mate_1668265681.696335";"";1;"";0;"new";0;0;0;0;0;"";"";"";"";1;0;0;0;""
208;1;"Grifo de lavabo Imex Milos Stick";"11";76.22314;1;"";1;32.4;26.0;"";"";"BDYS045-3";"";"IMEX";"IMEX";"8435668012508";"";"f610ea9c18462";"";"";"";"";0;"Entre 2.0 y 4.0 días";"";100;1;"";0;"both";"";"";"";"Grifo de lavabo Imex Milos Stick Monomando, caño alto";"Grifo de lavabo Imex Milos Stick Monomando, caño alto";"grifos compatibles,complemento,baño,imex";"Grifo de lavabo Imex Milos Stick";"";"Grifo de lavabo Imex Milos Stick Monomando, caño alto";"grifo-lavabo-imex-monomando-alto-con-maneta-cromo-3077x190mm-milos-stick";"Disponible";"";1;"";"";1;"https://cdn.todomueblesdebano.com/image/upload/f_auto%2Cq_auto/v1/products/74a6a949-5168-48ce-8689-516e7d6df31a/Grifo-de-lavabo-cano-alto-milo-negro-oro-rosa_1758746307.053514";"";1;"";0;"new";0;0;0;0;0;"";"";"";"";1;0;0;0;""
