Nombre,Descripción,Precio,Valoración (Estrellas),Número de Opiniones,Colores Disponibles,Enlace
Conjunto mueble de baño Royo Easy,2 cajones suspendido con lavabo de cerámica Enzo,"244,75€",0,0,"Lacado Blanco brillo, Nogal arenado, Wengue arenado, Lacado Antracita brillo",https://www.todomueblesdebano.com/conjunto-mueble-de-bano-royo-easy-2-cajones-suspendido-con-lavabo-de-ceramica-enzo.html
Conjunto mueble de baño Royo Easy,"120 cm, 4 cajones suspendido con doble lavabo de cerámica Enzo","520,90€",0,0,"Lacado Blanco brillo, Nogal arenado, Wengue arenado, Lacado Antracita brillo",https://www.todomueblesdebano.com/conjunto-mueble-de-bano-royo-easy-120-cm-4-cajones-suspendido-con-doble-lavabo-de-ceramica-enzo.html
Conjunto mueble de baño Royo Alfa,2 cajones suspendido con lavabo Enzo de cerámica,"449,15€",0,0,"Roble nórdico, Fresno samara, Lacado Arena mate, Lacado Blanco brillo",https://www.todomueblesdebano.com/conjunto-mueble-de-bano-royo-alfa-2-cajones.html
Conjunto mueble de baño Royo Alfa,"2 cajones + 1 puerta, suspendido con lavabo de cerámica Enzo","629,24€",0,0,"Lacado Blanco brillo, Fresno samara, Roble nórdico, Lacado Arena mate",https://www.todomueblesdebano.com/conjunto-mueble-de-bano-royo-alfa-2-cajones-1-puerta.html
Conjunto mueble de baño Royo Alfa,"120 cm, 2 cajones + 2 puertas, suspendido, con lavabo Enzo de cerámica","917,06€",5,1,"Roble nórdico, Fresno samara, Lacado Arena mate, Lacado Blanco brillo",https://www.todomueblesdebano.com/conjunto-mueble-de-bano-royo-alfa-2-cajones-2-puertas-120-cm.html
Conjunto mueble de baño Royo Alfa,"120 cm, 1 puerta + 2 cajones + 1 puerta, suspendido con lavabo Enzo de cerámica","951,65€",5,1,"Roble nórdico, Fresno samara, Lacado Arena mate, Lacado Blanco brillo",https://www.todomueblesdebano.com/conjunto-mueble-de-bano-royo-alfa-1-puerta-2-cajones-1-puerta-120-cm.html
"Conjunto completo mueble de baño fondo reducido 27,5 cm Royo Enjoy","45 cm, 1 puerta suspendido con lavabo de cerámica y espejo Murano de 45x70 cm","236,11€",5,1,"Roble nórdico, Fresno samara, Lacado Blanco brillo",https://www.todomueblesdebano.com/conjunto-mueble-de-bano-royo-enjoy-fondo-reducido.html
Conjunto completo mueble de baño fondo reducido 34 cm Royo Elegance,"45 cm, 1 puerta, suspendido con lavabo de cerámica y espejo Murano de 45x70 cm","254,27€",5,1,"Gris arenado, Nogal arenado, Lacado Blanco brillo, Lacado Galet brillo",https://www.todomueblesdebano.com/conjunto-mueble-de-bano-royo-elegance-fondo-reducido.html
Conjunto mueble de baño Royo Vitale,"3 cajones con patas, lavabo Enzo de ceramica","477,03€",5,6,"Blanco nature, Beige nature, Gris nature, Lacado Blanco brillo",https://www.todomueblesdebano.com/conjunto-mueble-de-bano-royo-vitale-con-patas-3-cajones.html
Conjunto mueble de baño fondo reducido 39 cm Royo Vitale,2 cajones suspendido con lavabo Spirit de cerámica,"411,03€",5,3,"Blanco nature, Beige nature, Gris nature, Lacado Blanco brillo",https://www.todomueblesdebano.com/conjunto-mueble-de-bano-royo-vitale-fondo-reducido-2-cajones.html
Conjunto mueble de baño fondo reducido 39 cm Royo Vitale,3 cajones con patas y lavabo Spirit de cerámica,"477,03€",5,4,"Beige nature, Gris nature, Lacado Arena mate, Lacado Blanco brillo",https://www.todomueblesdebano.com/conjunto-mueble-de-bano-royo-vitale-fondo-reducido-3-cajones.html
Conjunto mueble de baño Royo Vitale,"2 cajones, suspendido con lavabo Enzo de cerámica","411,03€",5,1,"Lacado Blanco brillo, Blanco nature, Lacado Blanco mate, Lacado Azul Navy mate",https://www.todomueblesdebano.com/conjunto-mueble-de-bano-royo-vitale-suspendido-2-cajones.html
Conjunto mueble de baño Royo Vitale,"120 cm con 4 cajones, suspedido y lavabo doble poza Enzo de cerámica","863,06€",0,0,"Blanco nature, Beige nature, Gris nature, Lacado Blanco brillo",https://www.todomueblesdebano.com/conjunto-mueble-de-bano-royo-vitale-lavabo-doble-poza-4-cajones-120-cm.html
Conjunto mueble de baño Royo Vitale,"120 cm con 6 cajones, con patas y lavabo Enzo de cerámica","1.059,07€",0,0,"Gris nature, Lacado Arena mate, Blanco nature, Beige nature",https://www.todomueblesdebano.com/conjunto-mueble-de-bano-royo-vitale-lavabo-doble-poza-6-cajones-120-cm.html
Conjunto mueble de baño Royo Urban,3 cajones con patas y lavabo Enzo de cerámica,"523,03€",0,0,"Blanco nature, Beige nature, Gris nature, Lacado Blanco mate",https://www.todomueblesdebano.com/conjunto-mueble-de-bano-royo-urban-3-cajones.html
Conjunto mueble de baño Royo Urban,2 cajones suspendido con lavabo Enzo de cerámica,"450,03€",0,0,"Blanco nature, Beige nature, Gris nature, Lacado Blanco mate",https://www.todomueblesdebano.com/conjunto-mueble-de-bano-royo-urban-2-cajones.html
Conjunto mueble de baño Royo Urban,"120 cm, 4 cajones suspendidos con lavabo doble poza Enzo de cerámica","798,10€",0,0,"Blanco nature, Beige nature, Gris nature, Lacado Blanco mate",https://www.todomueblesdebano.com/conjunto-mueble-de-bano-royo-urban-4-cajones-120-cm.html
Conjunto mueble de baño Royo Urban,"120 cm, 6 cajones con patas y lavabo doble poza Enzo de cerámica","1.138,07€",0,0,"Blanco nature, Beige nature, Gris nature, Lacado Blanco mate",https://www.todomueblesdebano.com/conjunto-mueble-de-bano-royo-urban-6-cajones.html
Conjunto mueble de baño Royo Nisy,"2 cajones, suspendido con lavabo Enzo de cerámica","329,02€",0,0,"Nogal arenado, Lacado Blanco brillo, Lacado Azul Navy brillo, Lacado Galet brillo",https://www.todomueblesdebano.com/conjunto-mueble-de-bano-royo-nisy-2-cajones.html
Conjunto mueble de baño Royo Nisy,"120 cm, 4 cajones suspendido con lavabo Enzo de cerámica","713,05€",0,0,"Lacado Blanco brillo, Lacado Galet brillo, Nogal arenado, Lacado Azul Navy brillo",https://www.todomueblesdebano.com/conjunto-mueble-de-bano-royo-nisy-120-cm.html
Conjunto mueble de baño Royo Wave,1 cajón suspendido con lavabo Trend de cerámica,"562,04€",0,0,"Blanco nature, Beige nature, Lacado Arena mate, Lacado Blanco mate",https://www.todomueblesdebano.com/conjunto-mueble-de-bano-royo-wave-1-cajon.html
Conjunto mueble de baño Royo Wave,2 cajones suspendido con lavabo Trend de cerámica,"660,04€",5,1,"Blanco nature, Beige nature, Lacado Arena mate, Lacado Blanco mate",https://www.todomueblesdebano.com/conjunto-mueble-de-bano-royo-wave-2-cajones.html
Mueble de baño con encimera de madera Royo Econic,"2 cajones, suspendido","495,03€",0,0,"Lacado Verde Forest mate al agua sostenible, Lacado Blanco brillo, Lacado Blanco mate, Lacado Negro mate",https://www.todomueblesdebano.com/mueble-de-bano-royo-econic.html
Conjunto mueble de baño Royo Econic,"2 cajones, suspendido con lavabo Enzo de cerámica","495,03€",0,0,"Lacado Blanco brillo, Lacado Blanco mate, Lacado Negro mate, Lacado Verde Forest mate al agua sostenible",https://www.todomueblesdebano.com/conjunto-mueble-de-bano-royo-econic-2-cajones.html
Conjunto mueble de baño Logika Royo,2 cajones suspendidos con lavabo Enzo de cerámica,"546,04€",0,0,"Verde pure con tirador antracita, Nogal Ártico con tirador blanco, Blanco pure con tirador inox, Azul talco pure con tirador blanco",https://www.todomueblesdebano.com/conjunto-mueble-de-bano-royo-logika.html
Mueble de baño con encimera de madera Royo  Logika,2 cajones suspendidos,"504,03€",0,0,"Azul talco pure con tirador blanco, Verde pure con tirador antracita, Nogal Ártico con tirador blanco, Blanco pure con tirador inox",https://www.todomueblesdebano.com/conjunto-mueble-de-bano-royo-logika-encimera.html
Conjunto mueble de baño Royo Band,"1 cajon + 2 puertas, con patas y lavabo Enzo de cerámica","389,03€",5,1,"Gris arenado, Lacado Blanco brillo, Nogal arenado, Lacado Galet brillo",https://www.todomueblesdebano.com/conjunto-mueble-de-bano-royo-band-1-cajon-2-puertas.html
Conjunto mueble de baño Royo Band,"2 cajones + 1 puerta, con patas y lavabo Enzo de cerámica","416,03€",5,1,"Gris arenado, Nogal arenado, Lacado Blanco brillo, Lacado Galet brillo",https://www.todomueblesdebano.com/conjunto-mueble-de-bano-royo-band-2-cajones-y-1-puerta.html
Conjunto mueble de baño Royo Band,"120 cm, 2 cajones + 4 puertas con patas y lavabo doble poza Enzo de cerámica","799,71€",0,0,"Gris arenado, Nogal arenado, Lacado Blanco brillo, Lacado Galet brillo",https://www.todomueblesdebano.com/conjunto-mueble-bano-royo-band-patas-4-puertas-2-cajones-120-cm.html
Conjunto mueble de baño Royo Mio,"2 cajones suspendido, con lavabo Enzo de cerámica y tirador disponible en varios colores","544,04€",0,0,"Roble blanco, Lacado Arena mate, Olmo gris, Lacado Blanco mate tirador negro",https://www.todomueblesdebano.com/conjunto-mueble-de-bano-royo-mio.html
Mueble de baño Royo Vida,"2 cajones, suspendido con tirador disponible en varios colores","341,02€",0,0,"Nogal arenado, Lacado Azul Navy mate, Lacado Galet mate, Lacado Negro mate",https://www.todomueblesdebano.com/mueble-bano-royo-vida-2-cajones.html
Conjunto mueble de baño Royo Vida,2 cajones suspendido con lavabo Enzo de cerámica con tirador disponible en varios colores,"417,98€",0,0,"Roble Eternity, Gris arenado, Nogal arenado, Lacado Blanco brillo",https://www.todomueblesdebano.com/conjunto-mueble-de-bano-royo-vida.html
Mueble de baño con encimera de madera Royo Vida,"1 cajón, suspendido con tirador disponible en varios colores","298,52€",0,0,"Lacado Antracita brillo, Lacado Blanco brillo, Gris arenado, Nogal arenado",https://www.todomueblesdebano.com/mueble-bano-encimera-royo-vida.html
Mueble de baño Royo Vida,"1 cajón, suspendido con tirador disponible en varios colores","221,52€",0,0,"Lacado Azul Navy mate, Lacado Blanco brillo, Lacado Antracita brillo, Gris arenado",https://www.todomueblesdebano.com/mueble-bano-royo-vida.html
Mueble de baño con encimera de madera Royo Vida,"2 cajones, suspendido con tirador disponible en varios colores","432,03€",0,0,"Gris arenado, Lacado Blanco brillo, Lacado Antracita brillo, Nogal arenado",https://www.todomueblesdebano.com/mueble-bano-encimera-2-cajones-royo-vida.html
Conjunto mueble de baño Royo Sansa,"2 cajones, suspendido con lavabo Enzo de cerámica","302,02€",5,4,"Gris arenado, Roble Colonial, Nogal arenado, Lacado Blanco brillo",https://www.todomueblesdebano.com/conjunto-mueble-de-bano-royo-sansa-suspendido-2-cajones.html
Conjunto mueble de baño Royo Sansa,"120 cm, 4 puertas, suspendido con lavabo Enzo de cerámica","524,35€",0,0,"Gris arenado, Roble Colonial, Nogal arenado, Lacado Blanco brillo",https://www.todomueblesdebano.com/conjunto-mueble-de-bano-royo-sansa-1-suspendido-4-puertas-120-cm.html
Conjunto mueble de baño Royo Sansa,"120 cm, 6 cajones con patas y lavabo doble Enzo de cerámica","770,05€",0,0,"Gris arenado, Roble Colonial, Nogal arenado, Lacado Blanco brillo",https://www.todomueblesdebano.com/conjunto-mueble-de-bano-royo-sansa-6-cajones-120-cm.html
Conjunto mueble de baño Royo Sansa,3 cajones con patas y lavabo Enzo de cerámica,"365,02€",5,2,"Nogal arenado, Lacado Blanco brillo, Lacado Azul Navy brillo, Gris arenado",https://www.todomueblesdebano.com/conjunto-mueble-de-bano-royo-sansa-3-cajones.html
Conjunto mueble de baño Royo Sansa,"120 cm, 4 cajones, suspendido con doble lavabo Enzo de cerámica","667,04€",0,0,"Gris arenado, Roble Colonial, Nogal arenado, Lacado Blanco brillo",https://www.todomueblesdebano.com/conjunto-mueble-de-bano-royo-sansa-4-cajones-suspendido-120-cm.html
Conjunto mueble de baño Royo Sansa,"120 cm, 2 puertas + 2 cajones suspendido con lavabo Enzo de cerámica","518,36€",0,0,"Lacado Blanco brillo, Lacado Antracita brillo, Gris arenado, Nogal arenado",https://www.todomueblesdebano.com/conjunto-mueble-de-bano-royo-sansa-2-cajones-2-puertas-120-cm.html
Conjunto mueble de baño Royo Sansa,"2 puertas, suspendido con lavabo Enzo de cerámica","225,01€",0,0,"Gris arenado, Roble Colonial, Nogal arenado, Lacado Blanco brillo",https://www.todomueblesdebano.com/conjunto-mueble-de-bano-royo-sansa-suspendido-2-puertas.html
Conjunto mueble de baño Royo Sansa,"90 cm, 2 cajones y 1 puerta, suspendido con lavabo desplazado a izquierda Enzo de cerámica","461,03€",0,0,"Gris arenado, Roble Colonial, Nogal arenado, Lacado Blanco brillo",https://www.todomueblesdebano.com/conjunto-mueble-de-bano-royo-sansa-suspendido-2-cajones-1-puerta.html
Conjunto completo mueble de baño fondo reducido 35 cm Royo Street,"50 cm, 2 cajones suspendidos con lavabo de cerámica y espejo Murano de 50x70 cm","343,02€",5,2,"Roble Vulcano, Gris arenado, Nogal arenado, Lacado Blanco brillo",https://www.todomueblesdebano.com/conjunto-mueble-de-bano-royo-street-fondo-reducido-2-cajones.html
Conjunto completo mueble de baño fondo reducido 35 cm Royo Street,"50 cm, 2 puertas, suspendido con lavabo de cerámica y espejo Murano de 50x70 cm","263,02€",5,1,"Gris arenado, Nogal arenado, Roble Vulcano, Lacado Blanco brillo",https://www.todomueblesdebano.com/conjunto-mueble-de-bano-royo-street-fondo-reducido-2-puertas.html
Conjunto mueble de baño Royo Dai,2 cajones suspendidos con lavabo Beauty de cerámica,"436,93€",0,0,"Roble nórdico, Fresno samara, Lacado Arena mate, Lacado Blanco brillo",https://www.todomueblesdebano.com/conjunto-mueble-de-bano-royo-dai.html
Mueble de baño con encimera arena de resina Royo Dai Top,"2 cajones, suspendido","390,03€",0,0,"Roble nórdico, Lacado Arena mate, Fresno samara",https://www.todomueblesdebano.com/mueble-de-bano-dai-top-arena-royo.html
Mueble de baño con encimera blanca de resina Royo Dai Top,"blanco brillo, 2 cajones, suspendido","390,03€",0,0,No disponible,https://www.todomueblesdebano.com/mueble-de-bano-royo-dai-top-blanco.html
